,Adventure,Fantasy,Animation,War,Music,Documentary,Foreign,Drama,Horror,Family,Crime,Mystery,Science Fiction,History,Action,Comedy,Romance,Western,Thriller
0,0.06422924901185771,0.02766798418972332,0.011857707509881422,0.009881422924901186,0.01383399209486166,0.010869565217391304,0.0009881422924901185,0.20454545454545456,0.038537549407114624,0.03557312252964427,0.06027667984189723,0.02766798418972332,0.040513833992094864,0.01383399209486166,0.09980237154150198,0.14031620553359683,0.08300395256916997,0.005928853754940711,0.11067193675889328
1,0.05674846625766871,0.05368098159509203,0.01687116564417178,0.004601226993865031,0.012269938650306749,0.0,0.0,0.2331288343558282,0.02607361963190184,0.03680981595092025,0.06901840490797546,0.019938650306748466,0.046012269938650305,0.010736196319018405,0.06901840490797546,0.17177914110429449,0.09049079754601227,0.0015337423312883436,0.08128834355828221
0,0.0050968399592252805,0.0010193679918450561,0.01529051987767584,0.08868501529051988,0.009174311926605505,0.040774719673802244,0.0020387359836901123,0.047910295616717634,0.0509683995922528,0.0417940876656473,0.09072375127421,0.00815494393476045,0.01834862385321101,0.1712538226299694,0.16411824668705402,0.01529051987767584,0.08766564729867482,0.07033639143730887,0.023445463812436288,0.047910295616717634
1,0.020089285714285716,0.0,0.03125,0.109375,0.060267857142857144,0.008928571428571428,0.0,0.011160714285714286,0.006696428571428571,0.05357142857142857,0.049107142857142856,0.0,0.0,0.421875,0.05580357142857143,0.09151785714285714,0.03125,0.03125,0.015625,0.002232142857142857
